Timestamp,ax,ay,az,gx,gy,gz
1743569065640,0.8351,6.2291,9.2782,-0.0232,0.0373,0.0248
1743569065650,0.8351,6.2291,9.2782,-0.0232,0.0373,0.0248
1743569065660,0.8351,6.2291,9.2782,-0.0232,0.0373,0.0248
1743569065670,0.8351,6.2291,9.2782,-0.0232,0.0373,0.0248
1743569065680,0.5145,6.3912,7.0152,-0.0232,0.0373,0.0248
1743569065690,0.5145,6.3912,7.0152,-0.0232,0.0373,0.0248
1743569065700,0.5145,6.3912,7.0152,-0.0232,0.0373,0.0248
1743569065710,0.5145,6.3912,7.0152,-0.0008,0.0449,0.0392
1743569065720,0.5145,6.3912,7.0152,-0.0008,0.0449,0.0392
1743569065730,0.5145,6.3912,7.0152,-0.0008,0.0449,0.0392
1743569065740,0.7699,6.2985,7.8497,-0.0008,0.0449,0.0392
1743569065750,0.8064,6.3111,7.7803,-0.0008,0.0449,0.0392
1743569065760,0.8064,6.3111,7.7803,-0.0008,0.0449,0.0392
1743569065770,0.8064,6.3111,7.7803,0.0381,-0.0347,0.0078
1743569065780,0.8064,6.3111,7.7803,0.0381,-0.0347,0.0078
1743569065790,0.8064,6.3111,7.7803,0.0381,-0.0347,0.0078
1743569065800,0.8064,6.3111,7.7803,0.0381,-0.0347,0.0078
1743569065810,0.734,6.3829,7.6828,0.0381,-0.0347,0.0078
1743569065820,0.734,6.3829,7.6828,0.0381,-0.0347,0.0078
1743569065830,0.734,6.3829,7.6828,0.0381,-0.0347,0.0078
1743569065840,0.734,6.3829,7.6828,-0.0339,-0.0018,0.0051
1743569065850,0.734,6.3829,7.6828,-0.0339,-0.0018,0.0051
1743569065860,0.734,6.3829,7.6828,-0.0339,-0.0018,0.0051
1743569065870,0.734,6.3829,7.6828,-0.0339,-0.0018,0.0051
1743569065880,0.6772,6.2925,7.6744,-0.0339,-0.0018,0.0051
1743569065890,0.6772,6.2925,7.6744,-0.0339,-0.0018,0.0051
1743569065900,0.6772,6.2925,7.6744,-0.0339,-0.0018,0.0051
1743569065910,0.6772,6.2925,7.6744,0.0408,-0.0283,-0.0078
1743569065920,0.6772,6.2925,7.6744,0.0408,-0.0283,-0.0078
1743569065930,0.6772,6.2925,7.6744,0.0408,-0.0283,-0.0078
1743569065940,0.6006,6.3392,7.7815,0.0408,-0.0283,-0.0078
1743569065950,0.6921,6.3194,7.6875,0.0408,-0.0283,-0.0078
1743569065960,0.6921,6.3194,7.6875,0.0408,-0.0283,-0.0078
1743569065970,0.6921,6.3194,7.6875,0.0945,-0.0918,0.0044
1743569065980,0.6921,6.3194,7.6875,0.0945,-0.0918,0.0044
1743569065990,0.6921,6.3194,7.6875,0.0945,-0.0918,0.0044
1743569066000,0.6921,6.3194,7.6875,0.0945,-0.0918,0.0044
1743569066010,0.7519,6.4373,7.5254,0.0945,-0.0918,0.0044
1743569066020,0.7143,6.4235,7.5511,0.0945,-0.0918,0.0044
1743569066030,0.7143,6.4235,7.5511,0.0945,-0.0918,0.0044
1743569066040,0.7143,6.4235,7.5511,0.1106,-0.0928,0.021
1743569066050,0.7143,6.4235,7.5511,0.1106,-0.0928,0.021
1743569066060,0.7143,6.4235,7.5511,0.1106,-0.0928,0.021
1743569066070,0.7143,6.4235,7.5511,0.1106,-0.0928,0.021
1743569066080,0.8267,6.4325,7.7133,0.1106,-0.0928,0.021
1743569066090,0.8267,6.4325,7.7133,0.1106,-0.0928,0.021
1743569066100,0.8267,6.4325,7.7133,0.1106,-0.0928,0.021
1743569066110,0.8267,6.4325,7.7133,0.1396,-0.0846,0.0342
1743569066120,0.8267,6.4325,7.7133,0.1396,-0.0846,0.0342
1743569066130,0.8267,6.4325,7.7133,0.1396,-0.0846,0.0342
1743569066140,0.7753,6.4696,7.5476,0.1396,-0.0846,0.0342
1743569066150,0.9374,6.6754,7.0331,0.1396,-0.0846,0.0342
1743569066160,0.9374,6.6754,7.0331,0.1396,-0.0846,0.0342
1743569066170,0.9374,6.6754,7.0331,0.0564,-0.0678,0.011
1743569066180,0.9374,6.6754,7.0331,0.0564,-0.0678,0.011
1743569066190,0.9374,6.6754,7.0331,0.0564,-0.0678,0.011
1743569066200,0.9374,6.6754,7.0331,0.0564,-0.0678,0.011
1743569066210,0.9553,6.594,7.3848,0.0564,-0.0678,0.011
1743569066220,0.9553,6.594,7.3848,0.0564,-0.0678,0.011
1743569066230,0.9553,6.594,7.3848,0.0564,-0.0678,0.011
1743569066240,0.9553,6.594,7.3848,-0.005,0.0089,0.0014
1743569066250,0.9553,6.594,7.3848,-0.005,0.0089,0.0014
1743569066260,0.9553,6.594,7.3848,-0.005,0.0089,0.0014
1743569066270,1.0798,6.594,7.2706,-0.005,0.0089,0.0014
1743569066280,1.0798,6.594,7.2706,-0.005,0.0089,0.0014
1743569066290,1.0798,6.594,7.2706,-0.005,0.0089,0.0014
1743569066300,0.9643,6.5204,6.7567,0.0189,-0.1333,-0.0868
1743569066310,0.6329,6.719,6.81,0.0189,-0.1333,-0.0868
1743569066320,0.6329,6.719,6.81,0.0189,-0.1333,-0.0868
1743569066330,0.6329,6.719,6.81,0.0189,-0.1333,-0.0868
1743569066340,0.7256,6.6215,7.2269,0.0189,-0.1333,-0.0868
1743569066350,0.9063,6.5749,7.6534,0.0189,-0.1333,-0.0868
1743569066360,0.9063,6.5749,7.6534,0.0189,-0.1333,-0.0868
1743569066370,0.9063,6.5749,7.6534,-0.121,-0.0399,-0.0079
1743569066380,0.9063,6.5749,7.6534,-0.121,-0.0399,-0.0079
1743569066390,0.9063,6.5749,7.6534,-0.121,-0.0399,-0.0079
1743569066400,0.9063,6.5749,7.6534,-0.121,-0.0399,-0.0079
1743569066410,1.0989,6.5557,7.6116,-0.121,-0.0399,-0.0079
1743569066420,1.0086,6.5533,7.9436,-0.121,-0.0399,-0.0079
1743569066430,1.0086,6.5533,7.9436,-0.121,-0.0399,-0.0079
1743569066440,1.0086,6.5533,7.9436,0.0541,0.1141,-0.0496
1743569066450,1.0086,6.5533,7.9436,0.0541,0.1141,-0.0496
1743569066460,1.0086,6.5533,7.9436,0.0541,0.1141,-0.0496
1743569066470,1.0086,6.5533,7.9436,0.0541,0.1141,-0.0496
1743569066480,0.8177,6.5324,7.1539,0.0541,0.1141,-0.0496
1743569066490,0.9356,6.5797,6.466,0.0541,0.1141,-0.0496
1743569066500,0.9356,6.5797,6.466,0.0541,0.1141,-0.0496
1743569066510,0.9356,6.5797,6.466,-0.1731,1.0194,-0.079
1743569066520,0.9356,6.5797,6.466,-0.1731,1.0194,-0.079
1743569066530,0.9356,6.5797,6.466,-0.1731,1.0194,-0.079
1743569066540,1.5386,6.8955,5.4628,-0.1731,1.0194,-0.079
1743569066550,-0.1813,6.9009,8.1541,-0.1731,1.0194,-0.079
1743569066560,-0.1813,6.9009,8.1541,-0.1731,1.0194,-0.079
1743569066570,-0.1813,6.9009,8.1541,-0.1967,1.4732,-0.3516
1743569066580,-0.1813,6.9009,8.1541,-0.1967,1.4732,-0.3516
1743569066590,-0.1813,6.9009,8.1541,-0.1967,1.4732,-0.3516
1743569066600,-0.1813,6.9009,8.1541,-0.1967,1.4732,-0.3516
1743569066610,-0.1759,6.551,9.5725,-0.1967,1.4732,-0.3516
1743569066620,-3.7789,5.6327,-1.0989,-0.1967,1.4732,-0.3516
1743569066630,-3.7789,5.6327,-1.0989,-0.1967,1.4732,-0.3516
1743569066640,-3.7789,5.6327,-1.0989,0.7123,-0.8809,-0.7752
1743569066650,-3.7789,5.6327,-1.0989,0.7123,-0.8809,-0.7752
1743569066660,-3.7789,5.6327,-1.0989,0.7123,-0.8809,-0.7752
1743569066670,-3.7789,5.6327,-1.0989,0.7123,-0.8809,-0.7752
1743569066680,-4.5464,5.9145,1.1348,0.7123,-0.8809,-0.7752
1743569066690,-3.5169,5.0949,10.2078,0.7123,-0.8809,-0.7752
1743569066700,-3.5169,5.0949,10.2078,0.7123,-0.8809,-0.7752
1743569066710,-3.5169,5.0949,10.2078,-2.3762,1.905,0.8711
1743569066720,-3.5169,5.0949,10.2078,-2.3762,1.905,0.8711
1743569066730,-3.5169,5.0949,10.2078,-2.3762,1.905,0.8711
1743569066740,-3.5169,5.0949,10.2078,-2.3762,1.905,0.8711
1743569066750,-0.14,5.2528,10.3543,-2.3762,1.905,0.8711
1743569066760,-0.14,5.2528,10.3543,-2.3762,1.905,0.8711
1743569066770,-0.14,5.2528,10.3543,1.1382,-1.4434,0.2809
1743569066780,-0.7848,6.4887,4.8413,1.1382,-1.4434,0.2809
1743569066790,-0.7848,6.4887,4.8413,1.1382,-1.4434,0.2809
1743569066800,-0.7848,6.4887,4.8413,1.1382,-1.4434,0.2809
1743569066810,-0.4947,6.4259,5.3964,1.1382,-1.4434,0.2809
1743569066820,-0.4947,6.4259,5.3964,1.1382,-1.4434,0.2809
1743569066830,-0.4947,6.4259,5.3964,1.1382,-1.4434,0.2809
1743569066840,-0.4947,6.4259,5.3964,-0.0702,0.3653,0.6095
1743569066850,-0.4947,6.4259,5.3964,-0.0702,0.3653,0.6095
1743569066860,-0.4947,6.4259,5.3964,-0.0702,0.3653,0.6095
1743569066870,-0.4947,6.4259,5.3964,-0.0702,0.3653,0.6095
1743569066880,0.5151,6.323,7.5087,-0.0702,0.3653,0.6095
1743569066890,1.517,6.2704,7.7557,-0.0702,0.3653,0.6095
1743569066900,1.517,6.2704,7.7557,-0.0702,0.3653,0.6095
1743569066910,1.517,6.2704,7.7557,0.1946,-0.5953,0.266
1743569066920,1.517,6.2704,7.7557,0.1946,-0.5953,0.266
1743569066930,1.517,6.2704,7.7557,0.1946,-0.5953,0.266
1743569066940,1.4118,6.3667,7.7611,0.1946,-0.5953,0.266
1743569066950,0.7956,6.7173,6.3206,0.1946,-0.5953,0.266
1743569066960,0.7956,6.7173,6.3206,0.1946,-0.5953,0.266
1743569066970,0.7956,6.7173,6.3206,0.0357,-0.2681,-0.0486
1743569066980,0.7956,6.7173,6.3206,0.0357,-0.2681,-0.0486
1743569066990,0.7956,6.7173,6.3206,0.0357,-0.2681,-0.0486
1743569067000,0.7956,6.7173,6.3206,0.0357,-0.2681,-0.0486
1743569067010,0.737,6.7412,6.0371,0.0357,-0.2681,-0.0486
1743569067020,0.3966,6.0449,8.3198,0.0357,-0.2681,-0.0486
1743569067030,0.3966,6.0449,8.3198,0.0357,-0.2681,-0.0486
1743569067040,0.3966,6.0449,8.3198,-0.265,-0.2343,-0.1063
1743569067050,0.3966,6.0449,8.3198,-0.265,-0.2343,-0.1063
1743569067060,0.3966,6.0449,8.3198,-0.265,-0.2343,-0.1063
1743569067070,0.3966,6.0449,8.3198,-0.265,-0.2343,-0.1063
1743569067080,0.4618,5.9886,8.6818,-0.265,-0.2343,-0.1063
1743569067090,0.4594,5.9731,8.2522,-0.265,-0.2343,-0.1063
1743569067100,0.4092,6.134,8.345,-0.265,-0.2343,-0.1063
1743569067110,0.5551,6.1286,8.2678,0.0742,-0.2601,-0.1414
1743569067120,0.5551,6.1286,8.2678,0.0742,-0.2601,-0.1414
1743569067130,0.5551,6.1286,8.2678,0.0742,-0.2601,-0.1414
1743569067140,0.5551,6.1286,8.2678,0.0742,-0.2601,-0.1414
1743569067150,0.4008,6.1837,7.6062,0.0742,-0.2601,-0.1414
1743569067160,0.4008,6.1837,7.6062,0.0742,-0.2601,-0.1414
1743569067170,0.4008,6.1837,7.6062,0.1654,-0.3471,-0.1604
1743569067180,0.4008,6.1837,7.6062,0.1654,-0.3471,-0.1604
1743569067190,0.4008,6.1837,7.6062,0.1654,-0.3471,-0.1604
1743569067200,0.4008,6.1837,7.6062,0.1654,-0.3471,-0.1604
1743569067210,0.1872,6.2112,7.7635,0.1654,-0.3471,-0.1604
1743569067220,0.3332,6.277,7.3537,0.1654,-0.3471,-0.1604
1743569067230,0.3332,6.277,7.3537,0.1654,-0.3471,-0.1604
1743569067240,0.3332,6.277,7.3537,0.0459,-0.0486,-0.0367
1743569067250,0.3332,6.277,7.3537,0.0459,-0.0486,-0.0367
1743569067260,0.8674,6.189,7.3825,0.0459,-0.0486,-0.0367
1743569067270,0.7424,6.1591,7.6056,0.0459,-0.0486,-0.0367
1743569067280,0.1292,6.2453,7.879,0.0459,-0.0486,-0.0367
1743569067290,0.1292,6.2453,7.879,0.0459,-0.0486,-0.0367
1743569067300,0.1292,6.2453,7.879,0.0459,-0.0486,-0.0367
1743569067310,0.1292,6.2453,7.879,-0.0058,0.1718,-0.0201
1743569067320,0.1292,6.2453,7.879,-0.0058,0.1718,-0.0201
1743569067330,0.1292,6.2453,7.879,-0.0058,0.1718,-0.0201
1743569067340,0.1292,6.2453,7.879,-0.0058,0.1718,-0.0201
1743569067350,-0.5994,6.3835,7.6289,-0.0058,0.1718,-0.0201
1743569067360,-0.5994,6.3835,7.6289,-0.0058,0.1718,-0.0201
1743569067370,-0.5994,6.3835,7.6289,-0.3171,1.3358,0.2568
1743569067380,-0.5994,6.3835,7.6289,-0.3171,1.3358,0.2568
1743569067390,-0.5994,6.3835,7.6289,-0.3171,1.3358,0.2568
1743569067400,-0.5994,6.3835,7.6289,-0.3171,1.3358,0.2568
1743569067410,0.5007,6.1412,5.016,-0.3171,1.3358,0.2568
1743569067420,3.4032,6.1699,12.5198,-0.3171,1.3358,0.2568
1743569067430,3.4032,6.1699,12.5198,-0.3171,1.3358,0.2568
1743569067440,3.4032,6.1699,12.5198,0.9206,-0.2644,-0.4908
1743569067450,3.4032,6.1699,12.5198,0.9206,-0.2644,-0.4908
1743569067460,3.4032,6.1699,12.5198,0.9206,-0.2644,-0.4908
1743569067470,3.4032,6.1699,12.5198,0.9206,-0.2644,-0.4908
1743569067480,-2.8331,6.7549,1.4722,0.9206,-0.2644,-0.4908
1743569067490,-2.5478,6.7226,2.5178,0.9206,-0.2644,-0.4908
1743569067500,-2.5478,6.7226,2.5178,0.9206,-0.2644,-0.4908
1743569067510,-2.5478,6.7226,2.5178,-0.9007,0.9949,0.1267
1743569067520,-2.5478,6.7226,2.5178,-0.9007,0.9949,0.1267
1743569067530,-2.5478,6.7226,2.5178,-0.9007,0.9949,0.1267
1743569067540,-2.5478,6.7226,2.5178,-0.9007,0.9949,0.1267
1743569067550,-0.6754,5.2074,12.134,-0.9007,0.9949,0.1267
1743569067560,-0.6754,5.2074,12.134,-0.9007,0.9949,0.1267
1743569067570,-0.6754,5.2074,12.134,-0.2513,0.3027,0.1384
1743569067580,-0.7065,5.6351,10.4339,-0.2513,0.3027,0.1384
1743569067590,-0.8853,5.9856,8.7458,-0.2513,0.3027,0.1384
1743569067600,-0.8853,5.9856,8.7458,-0.2513,0.3027,0.1384
1743569067610,-0.7872,6.1681,7.185,-0.2513,0.3027,0.1384
1743569067620,-0.7872,6.1681,7.185,-0.2513,0.3027,0.1384
1743569067630,-0.7872,6.1681,7.185,-0.2513,0.3027,0.1384
1743569067640,-0.7872,6.1681,7.185,0.2301,-0.2016,0.0947
1743569067650,-0.7872,6.1681,7.185,0.2301,-0.2016,0.0947
1743569067660,-0.7872,6.1681,7.185,0.2301,-0.2016,0.0947
1743569067670,-0.7872,6.1681,7.185,0.2301,-0.2016,0.0947
1743569067680,-0.7783,5.9785,7.264,0.2301,-0.2016,0.0947
1743569067690,-0.813,5.9743,7.5906,0.2301,-0.2016,0.0947
1743569067700,-0.813,5.9743,7.5906,0.2301,-0.2016,0.0947
1743569067710,-0.813,5.9743,7.5906,-0.1872,0.1198,0.226
1743569067720,-0.813,5.9743,7.5906,-0.1872,0.1198,0.226
1743569067730,-0.813,5.9743,7.5906,-0.1872,0.1198,0.226
1743569067740,0.2674,5.9515,8.5525,-0.1872,0.1198,0.226
1743569067750,0.064,6.0556,8.2768,-0.1872,0.1198,0.226
1743569067760,0.064,6.0556,8.2768,-0.1872,0.1198,0.226
1743569067770,0.064,6.0556,8.2768,-0.1872,0.1198,0.226
1743569067780,0.064,6.0556,8.2768,0.3018,-0.65,-0.0157
1743569067790,0.064,6.0556,8.2768,0.3018,-0.65,-0.0157
1743569067800,0.064,6.0556,8.2768,0.3018,-0.65,-0.0157
1743569067810,-0.3141,6.1813,7.751,0.3018,-0.65,-0.0157
1743569067820,-0.2016,6.2806,6.9601,0.3018,-0.65,-0.0157
1743569067830,-0.2016,6.2806,6.9601,0.3018,-0.65,-0.0157
1743569067840,-0.2016,6.2806,6.9601,0.133,-0.6802,0.0899
1743569067850,-0.2016,6.2806,6.9601,0.133,-0.6802,0.0899
1743569067860,-0.2016,6.2806,6.9601,0.133,-0.6802,0.0899
1743569067870,-0.2016,6.2806,6.9601,0.133,-0.6802,0.0899
1743569067880,0.7771,6.1478,7.788,0.133,-0.6802,0.0899
1743569067890,0.7771,6.1478,7.788,0.133,-0.6802,0.0899
1743569067900,0.6419,6.1771,7.9059,0.133,-0.6802,0.0899
1743569067910,0.4732,6.323,7.9155,0.0449,-0.5622,-0.0429
1743569067920,0.4732,6.323,7.9155,0.0449,-0.5622,-0.0429
1743569067930,0.4732,6.323,7.9155,0.0449,-0.5622,-0.0429
1743569067940,0.4732,6.323,7.9155,0.0449,-0.5622,-0.0429
1743569067950,0.3476,6.3745,7.7306,0.0449,-0.5622,-0.0429
1743569067960,0.3476,6.3745,7.7306,0.0449,-0.5622,-0.0429
1743569067970,0.3476,6.3745,7.7306,0.065,-0.2699,-0.0092
1743569067980,0.3476,6.3745,7.7306,0.065,-0.2699,-0.0092
1743569067990,0.3476,6.3745,7.7306,0.065,-0.2699,-0.0092
1743569068000,0.3476,6.3745,7.7306,0.065,-0.2699,-0.0092
1743569068010,0.4678,6.2674,7.7964,0.065,-0.2699,-0.0092
1743569068020,0.7017,6.2183,7.8879,0.065,-0.2699,-0.0092
1743569068030,0.7017,6.2183,7.8879,0.065,-0.2699,-0.0092
1743569068040,0.7017,6.2183,7.8879,0.1194,-0.1985,0.0111
1743569068050,0.7017,6.2183,7.8879,0.1194,-0.1985,0.0111
1743569068060,0.737,6.2776,7.7521,0.1194,-0.1985,0.0111
1743569068070,0.7507,6.3954,7.6762,0.1194,-0.1985,0.0111
1743569068080,0.7669,6.3918,7.6522,0.1194,-0.1985,0.0111
1743569068090,0.7669,6.3918,7.6522,0.1194,-0.1985,0.0111
1743569068100,0.7669,6.3918,7.6522,0.1194,-0.1985,0.0111
1743569068110,0.7669,6.3918,7.6522,0.1406,-0.1151,0.008
1743569068120,0.7669,6.3918,7.6522,0.1406,-0.1151,0.008
1743569068130,0.7669,6.3918,7.6522,0.1406,-0.1151,0.008
1743569068140,0.7669,6.3918,7.6522,0.1406,-0.1151,0.008
1743569068150,0.8405,6.399,7.8999,0.1406,-0.1151,0.008
1743569068160,0.8405,6.399,7.8999,0.1406,-0.1151,0.008
1743569068170,0.8405,6.399,7.8999,0.2841,-0.2953,-0.0428
1743569068180,0.8405,6.399,7.8999,0.2841,-0.2953,-0.0428
1743569068190,0.8405,6.399,7.8999,0.2841,-0.2953,-0.0428
1743569068200,0.8405,6.399,7.8999,0.2841,-0.2953,-0.0428
1743569068210,0.9386,6.457,7.6977,0.2841,-0.2953,-0.0428
1743569068220,0.5719,6.8512,6.2303,0.2841,-0.2953,-0.0428
1743569068230,0.5719,6.8512,6.2303,0.2841,-0.2953,-0.0428
1743569068240,0.5719,6.8512,6.2303,-0.0684,0.1008,0.032
1743569068250,0.5719,6.8512,6.2303,-0.0684,0.1008,0.032
1743569068260,0.5719,6.8512,6.2303,-0.0684,0.1008,0.032
1743569068270,0.5719,6.8512,6.2303,-0.0684,0.1008,0.032
1743569068280,1.1001,6.551,7.5386,-0.0684,0.1008,0.032
1743569068290,1.349,6.5653,7.2263,-0.0684,0.1008,0.032
1743569068300,1.349,6.5653,7.2263,-0.0684,0.1008,0.032
1743569068310,1.349,6.5653,7.2263,-0.1919,0.4455,-0.087
1743569068320,1.349,6.5653,7.2263,-0.1919,0.4455,-0.087
1743569068330,1.349,6.5653,7.2263,-0.1919,0.4455,-0.087
1743569068340,1.349,6.5653,7.2263,-0.1919,0.4455,-0.087
1743569068350,4.9113,6.2985,12.9434,-0.1919,0.4455,-0.087
1743569068360,4.9113,6.2985,12.9434,-0.1919,0.4455,-0.087
1743569068370,4.9113,6.2985,12.9434,1.1703,0.2553,-0.6833
1743569068380,-1.1946,6.2285,1.0576,1.1703,0.2553,-0.6833
1743569068390,-1.1946,6.2285,1.0576,1.1703,0.2553,-0.6833
1743569068400,-1.1946,6.2285,1.0576,1.1703,0.2553,-0.6833
1743569068410,-3.472,7.4931,-1.2162,1.1703,0.2553,-0.6833
1743569068420,-3.472,7.4931,-1.2162,1.1703,0.2553,-0.6833
1743569068430,-3.472,7.4931,-1.2162,1.1703,0.2553,-0.6833
1743569068440,-3.472,7.4931,-1.2162,-0.4275,0.7481,-0.4912
1743569068450,-3.472,7.4931,-1.2162,-0.4275,0.7481,-0.4912
1743569068460,-3.472,7.4931,-1.2162,-0.4275,0.7481,-0.4912
1743569068470,-3.472,7.4931,-1.2162,-0.4275,0.7481,-0.4912
1743569068480,-3.6616,6.5019,4.8066,-0.4275,0.7481,-0.4912
1743569068490,-0.8554,4.9364,12.2381,-0.4275,0.7481,-0.4912
1743569068500,-0.8554,4.9364,12.2381,-0.4275,0.7481,-0.4912
1743569068510,-0.8554,4.9364,12.2381,-1.2385,1.0936,0.5214
1743569068520,-0.8554,4.9364,12.2381,-1.2385,1.0936,0.5214
1743569068530,-0.8554,4.9364,12.2381,-1.2385,1.0936,0.5214
1743569068540,-0.338,6.0867,9.9129,-1.2385,1.0936,0.5214
1743569068550,-0.399,6.5545,8.7045,-1.2385,1.0936,0.5214
1743569068560,-0.399,6.5545,8.7045,-1.2385,1.0936,0.5214
1743569068570,-0.399,6.5545,8.7045,0.299,-0.7134,0.0199
1743569068580,-0.399,6.5545,8.7045,0.299,-0.7134,0.0199
1743569068590,-0.399,6.5545,8.7045,0.299,-0.7134,0.0199
1743569068600,-0.399,6.5545,8.7045,0.299,-0.7134,0.0199
1743569068610,-0.399,6.5545,8.7045,0.299,-0.7134,0.0199
1743569068620,-0.2381,6.5007,6.8177,0.299,-0.7134,0.0199
1743569068630,-0.137,6.3924,7.6445,0.299,-0.7134,0.0199
1743569068640,-0.137,6.3924,7.6445,-0.1674,0.006,0.1135
1743569068650,-0.137,6.3924,7.6445,-0.1674,0.006,0.1135
1743569068660,-0.137,6.3924,7.6445,-0.1674,0.006,0.1135
1743569068670,-0.137,6.3924,7.6445,-0.1674,0.006,0.1135
1743569068680,0.1842,6.3565,7.3478,-0.1674,0.006,0.1135
1743569068690,0.5629,6.4032,7.9047,-0.1674,0.006,0.1135
1743569068700,0.3105,6.4672,7.986,-0.1674,0.006,0.1135
1743569068710,0.1137,6.5043,7.6056,-0.0231,-0.2906,0.0024
1743569068720,0.1137,6.5043,7.6056,-0.0231,-0.2906,0.0024
1743569068730,0.1137,6.5043,7.6056,-0.0231,-0.2906,0.0024
1743569068740,0.1137,6.5043,7.6056,-0.0231,-0.2906,0.0024
1743569068750,-0.0508,6.3631,7.672,-0.0231,-0.2906,0.0024
1743569068760,-0.0508,6.3631,7.672,-0.0231,-0.2906,0.0024
1743569068770,-0.0508,6.3631,7.672,-0.0231,-0.2906,0.0024
1743569068780,-0.0508,6.3631,7.672,-0.0005,-0.1875,-0.057
1743569068790,-0.0508,6.3631,7.672,-0.0005,-0.1875,-0.057
1743569068800,-0.0508,6.3631,7.672,-0.0005,-0.1875,-0.057
1743569068810,-0.2267,6.2859,7.9316,-0.0005,-0.1875,-0.057
1743569068820,0.0227,6.2405,7.7372,-0.0005,-0.1875,-0.057
1743569068830,0.0227,6.2405,7.7372,-0.0005,-0.1875,-0.057
1743569068840,0.0227,6.2405,7.7372,0.0489,-0.1693,-0.0493
1743569068850,0.0227,6.2405,7.7372,0.0489,-0.1693,-0.0493
1743569068860,0.0227,6.2405,7.7372,0.0489,-0.1693,-0.0493
1743569068870,0.0227,6.2405,7.7372,0.0489,-0.1693,-0.0493
1743569068880,-0.1137,6.2189,7.6977,0.0489,-0.1693,-0.0493
1743569068890,-0.0341,6.2309,7.7737,0.0489,-0.1693,-0.0493
1743569068900,-0.0341,6.2309,7.7737,0.0489,-0.1693,-0.0493
1743569068910,-0.0341,6.2309,7.7737,0.0919,-0.1967,-0.0337
1743569068920,-0.0341,6.2309,7.7737,0.0919,-0.1967,-0.0337
1743569068930,-0.0341,6.2309,7.7737,0.0919,-0.1967,-0.0337
1743569068940,-0.0341,6.2309,7.7737,0.0919,-0.1967,-0.0337
1743569068950,-0.012,6.2584,7.6211,0.0919,-0.1967,-0.0337
1743569068960,-0.012,6.2584,7.6211,0.0919,-0.1967,-0.0337
1743569068970,-0.012,6.2584,7.6211,0.0919,-0.1967,-0.0337
1743569068980,-0.012,6.2584,7.6211,-0.0522,-0.0856,0.067
1743569068990,-0.012,6.2584,7.6211,-0.0522,-0.0856,0.067
1743569069000,-0.012,6.2584,7.6211,-0.0522,-0.0856,0.067
1743569069010,0.0449,6.1956,7.8114,-0.0522,-0.0856,0.067
1743569069020,0.1944,6.3553,7.2975,-0.0522,-0.0856,0.067
1743569069030,0.1944,6.3553,7.2975,-0.0522,-0.0856,0.067
1743569069040,0.1944,6.3553,7.2975,-0.012,-0.0335,0.0886
1743569069050,0.2255,6.39,7.4794,-0.012,-0.0335,0.0886
1743569069060,0.2255,6.39,7.4794,-0.012,-0.0335,0.0886
1743569069070,0.4211,6.3003,7.9316,-0.012,-0.0335,0.0886
1743569069080,0.4211,6.3003,7.9316,-0.012,-0.0335,0.0886
1743569069090,0.2752,6.2704,8.0243,-0.012,-0.0335,0.0886
1743569069100,0.2752,6.2704,8.0243,-0.012,-0.0335,0.0886
1743569069110,0.1262,6.2393,7.9896,-0.057,0.0135,0.0777
1743569069120,0.1262,6.2393,7.9896,-0.057,0.0135,0.0777
1743569069130,0.1932,6.2704,7.8778,-0.057,0.0135,0.0777
1743569069140,0.1932,6.2704,7.8778,-0.057,0.0135,0.0777
1743569069150,0.3697,6.3428,7.7037,-0.057,0.0135,0.0777
1743569069160,0.3697,6.3428,7.7037,-0.057,0.0135,0.0777
1743569069170,0.4056,6.3846,7.526,-0.057,0.0135,0.0777
1743569069180,0.4056,6.3846,7.526,0.1143,-0.1051,0.0667
1743569069190,0.384,6.39,7.5057,0.1143,-0.1051,0.0667
1743569069200,0.4349,6.3679,7.5625,0.1143,-0.1051,0.0667
1743569069210,0.4349,6.3679,7.5625,0.1143,-0.1051,0.0667
1743569069220,0.3733,6.3625,7.6738,0.1143,-0.1051,0.0667
1743569069230,0.3733,6.3625,7.6738,0.1143,-0.1051,0.0667
1743569069240,0.2913,6.3583,7.7103,0.0657,-0.0377,0.039
1743569069250,0.2913,6.3583,7.7103,0.0657,-0.0377,0.039
1743569069260,0.323,6.39,7.6319,0.0657,-0.0377,0.039
1743569069270,0.323,6.39,7.6319,0.0657,-0.0377,0.039
1743569069280,0.3667,6.4546,7.5368,0.0657,-0.0377,0.039
1743569069290,0.3667,6.4546,7.5368,0.0657,-0.0377,0.039
1743569069300,0.4068,6.4792,7.3466,0.0657,-0.0377,0.039
1743569069310,0.4068,6.4792,7.3466,0.1057,-0.0725,0.0296
1743569069320,0.3619,6.46,7.2329,0.1057,-0.0725,0.0296
1743569069330,0.3619,6.46,7.2329,0.1057,-0.0725,0.0296
1743569069340,0.399,6.4433,7.3609,0.1057,-0.0725,0.0296
1743569069350,0.399,6.4433,7.3609,0.1057,-0.0725,0.0296
1743569069360,0.39,6.46,7.4967,0.1057,-0.0725,0.0296
1743569069370,0.39,6.46,7.4967,0.1057,-0.0725,0.0296
1743569069380,0.4857,6.4875,7.5362,0.0254,-0.0216,0.035
1743569069390,0.4857,6.4875,7.5362,0.0254,-0.0216,0.035
1743569069400,0.5456,6.4774,7.5177,0.0254,-0.0216,0.035
1743569069410,0.4606,6.472,7.4644,0.0254,-0.0216,0.035
1743569069420,0.4606,6.472,7.4644,0.0254,-0.0216,0.035
1743569069430,0.4606,6.472,7.4644,0.0254,-0.0216,0.035
1743569069440,0.4032,6.4331,7.4124,0.0217,-0.019,0.012
1743569069450,0.3739,6.4146,7.4602,0.0217,-0.019,0.012
1743569069460,0.3739,6.4146,7.4602,0.0217,-0.019,0.012
1743569069470,0.4636,6.4528,7.416,0.0217,-0.019,0.012
1743569069480,0.4636,6.4528,7.416,0.0217,-0.019,0.012
1743569069490,0.5623,6.481,7.1833,0.0217,-0.019,0.012
1743569069500,0.5623,6.481,7.1833,0.0217,-0.019,0.012
1743569069510,0.4612,6.5539,6.9123,0.0217,-0.019,0.012
1743569069520,0.4612,6.5539,6.9123,0.0217,-0.019,0.012
